Medu,FirstYear,SecondYear,ThirdYear
1,10.398601398601398,10.524475524475525,10.797202797202797
