Medu,FirstYear,SecondYear,ThirdYear
3,11.323741007194245,11.56115107913669,11.920863309352518
