Medu,FirstYear,SecondYear,ThirdYear
2,11.204301075268818,11.28494623655914,11.661290322580646
