Medu,FirstYear,SecondYear,ThirdYear
4,12.502857142857144,12.748571428571429,13.06857142857143
