Medu,FirstYear,SecondYear,ThirdYear
0,10.833333333333334,11.166666666666666,11.666666666666666
