studytime,FirstYear,SecondYear,ThirdYear
2,11.537704918032787,11.662295081967214,12.091803278688525
