studytime,FirstYear,SecondYear,ThirdYear
3,12.422680412371134,12.793814432989691,13.22680412371134
