{"year":2011,"average_score":60.4295}
{"year":2013,"average_score":61.576}
{"year":2016,"average_score":62.51999999999999}
{"year":2012,"average_score":57.881499999999996}
{"year":2015,"average_score":58.94079601990051}
{"year":2014,"average_score":57.73349999999999}
