FatherEdu,FFirstYear,FSecondYear,FThirdYear,MotherEdu,MFirstYear,MSecondYear,MThirdYear
0,11.428571428571429,11.571428571428571,12.142857142857142,0,10.833333333333334,11.166666666666666,11.666666666666666
