year,avgScore
2011,60.42949999999999
2012,57.88150000000002
2013,61.576000000000015
2014,57.733500000000014
2015,58.940796019900525
2016,62.51999999999998
