FatherEdu,FFirstYear,FSecondYear,FThirdYear,MotherEdu,MFirstYear,MSecondYear,MThirdYear
3,11.732824427480915,11.992366412213741,12.381679389312977,3,11.323741007194245,11.56115107913669,11.920863309352518
