FatherEdu,FFirstYear,FSecondYear,FThirdYear,MotherEdu,MFirstYear,MSecondYear,MThirdYear
1,10.522988505747126,10.695402298850574,10.936781609195402,1,10.398601398601398,10.524475524475525,10.797202797202797
