FatherEdu,FFirstYear,FSecondYear,FThirdYear,MotherEdu,MFirstYear,MSecondYear,MThirdYear
2,11.368421052631579,11.411483253588516,11.78468899521531,2,11.204301075268818,11.28494623655914,11.661290322580646
