FatherEdu,FFirstYear,FSecondYear,FThirdYear,MotherEdu,MFirstYear,MSecondYear,MThirdYear
4,12.296875,12.5859375,12.921875,4,12.502857142857144,12.748571428571429,13.06857142857143
