freetime,FirstYear,SecondYear,ThirdYear
Very little,11.066666666666666,11.444444444444445,11.733333333333333
