freetime,FirstYear,SecondYear,ThirdYear
Little,12.046728971962617,12.233644859813085,12.710280373831775
