freetime,FirstYear,SecondYear,ThirdYear
Much,11.247191011235955,11.410112359550562,11.713483146067416
