freetime,FirstYear,SecondYear,ThirdYear
Medium,11.50996015936255,11.669322709163346,12.0597609561753
