freetime,FirstYear,SecondYear,ThirdYear
Very Much,10.588235294117647,10.661764705882353,10.691176470588236
