Fedu,FirstYear,SecondYear,ThirdYear
3,11.732824427480915,11.992366412213741,12.381679389312977
