Fedu,FirstYear,SecondYear,ThirdYear
1,10.522988505747126,10.695402298850574,10.936781609195402
