Fedu,FirstYear,SecondYear,ThirdYear
0,11.428571428571429,11.571428571428571,12.142857142857142
