Fedu,FirstYear,SecondYear,ThirdYear
2,11.368421052631579,11.411483253588516,11.78468899521531
