studytime,FirstYear,SecondYear,ThirdYear
4,12.771428571428572,12.628571428571428,13.057142857142857
