studytime,FirstYear,SecondYear,ThirdYear
1,10.504716981132075,10.702830188679245,10.84433962264151
